المفرد,النوع,الجمع,الأمثلة
أَفْعَل,اسم,أَفاعِل,أَخْمَص أَخامِص، أَفْعَى أَفاعٍ، أَجْدَل أَجادِل، أَخْدَع أَخادِع، أَثْلَب أَثالِب ...
أَفْعَل,صفة,أَفاعِل,‏- إذا كان مؤنث أَفْعَل هو أَفْعَلة: أَرْمَل أَرامِل ... - إذا كان أَفْعَل التفضيل ومؤنثه فُعْلَى: أَكْبَر أَكابِر، أَفْضَل أَفاضِل، أَمْثَل أَماثِل، أَسْفَل أَسافِل، أَحْسَن أَحاسِن ...
أَفْعَل,صفة,فِعال,‏(سماعي): أَعْجَف عِجاف، أَجْرَب جِراب ...
أَفْعَل,صفة,فُعَّل,‏(سماعي): أَعْزَل عُزَّل ...
أَفْعَل,صفة,فُعْل,إذا كان مؤنث أَفْعَل هو فَعْلاء: أَحْمَر حُمْر، أَسْوَد سُود، أَصَمّ صُمّ، أَبْكَم بُكْم، أَعْمَى عُمْي، أَصْلَع صُلْع ... وشذ: أَمْرَد مُرْد ...
أَفْعَل,صفة,فُعْلان,‏(سماعي): أَسْوَد سُودان، أَبْيَض بِيضان، أَحْمَر حُمْران، أَعْمَى عُمْيان، أَعْوَر عُوران، أَعْرَج عُرْجان، أَقْرَع قُرْعان، أَصْلَع صُلْعان، أَصَمّ صُمّان، أَبْجَر بُجْران، أَقْطَع قُطْعان ...
أَفْعَل,صفة,فَعْلَى,إذا دل على آفة أو مكروه أو نقص أو عيب: أَحْمَق حَمْقى، أَهْوَج هَوْجَى، أَنْوَك نَوْكَى، أَجْرَب جَرْبَى ...
أُفْعُل,اسم,أَفاعِل,أُصْبُع أَصابِع ...
أَفْعَلة,صفة,أَفاعِل,إذا كانت أَفْعَلة مؤنث أَفْعَل: أَرْمَلة أَرامِل ...
أَفْعُلة,اسم,أَفاعِل,أَنْمُلة أَنامِل ...
أُفْعُلة,اسم,أَفاعِل,أُنْمُلة أَنامِل ...
أُفْعُول,اسم,أَفاعِيل,أُسْبُوع أَسابِيع، أُسْلُوب أَسالِيب، أُخْدُود أَخادِيد ...
أُفْعُول,صفة,أَفاعِيل,أُمْلُود أَمالِيد، أُسْكُوب أَساكِيب ...
أُفْعُولة,اسم,أَفاعِل,أُغْنِيَّة أَغانٍ، أُمْنِيَّة أَمانٍ ...
أُفْعُولة,اسم,أَفاعِيل,أُرْجُوحة أَراجِيح، أُرْجُوزة أَراجِيز، أُكْذُوبة أَكاذِيب، أُسْطُورة أَساطِير، أُغْنِيَّة أَغانِيّ، أُمْنِيَّة أَمانِيّ ...
أُفْعُولة,صفة,أَفاعِيل,أُضْحُوكة أَضاحِيك، أُلْعُوبة أَلاعِيب ...
إفْعال,اسم,أَفاعِيل,إعْصار أَعاصِير، إبْهام أَباهِيم ...
إفْعالة,اسم,أَفاعِيل,إضْبارة أَضابِير، إضْمامة أَضامِيم، إطْنابة أَطانِيب ...
إفْعِل,اسم,أَفاعِل,إصْبِع أَصابِع، إثْمِد أَثامِد ...
إفْعِيل,اسم,أَفاعِيل,إبْرِيق أَبارِيق، إكْلِيل أَكالِيل، إقْلِيم أَقالِيم ...
إفْعِيل,صفة,أَفاعِيل,إصْلِيت أَصالِيت، إخْلِيج أَخالِيج، إمْلِيس أَمالِيس ...
تِفْعال,اسم,تَفاعِيل,تِمْساح تَماسِيح، تِمْثال تَماثِيل ...
تَفْعُل,اسم,تَفاعِل,تَتْفُل تَتافِل، تَنْضُب تَناضِب ...
تِفْعَل,صفة,تَفاعِل,تِنْبَل تَنابِل ...
تَفْعِلة,اسم,تَفاعِل,تَجْرِبة تَجارِب، تَذْكِرة تَذاكِر ...
تَفْعِيل,اسم,تَفاعِيل,تَقْسِيم تَقاسِيم، تَهْوِيل تَهاوِيل، تَصْرِيف تَصارِيف ...
تَفْعِيلة,اسم,تَفاعِيل,تَسْبِيحة تَسابِيح، تَرْوِيحة تَراوِيح، تَرْنِيمة تَرانِيم، تَعْلِيقة تَعالِيق، تَفْعِيلة تَفاعِيل ...
فاعال,اسم,فَواعِيل,ساباط سَوابِيط، داناق دَوانِيق ...
فاعَل,اسم,فَواعِل,خاتَم خَواتِم، طابَع طَوابِع، قالَب قَوالِب ......
فاعَل,اسم,فَواعِيل,فيما يقال فيه فاعَل وفاعال: خاتَم خاتام خَواتِيم، دانَق داناق دَوانِيق ...
فاعِل,اسم,أَفاعِيل,‏(سماعي): باطِل أَباطِيل ...
فاعِل,اسم,أَفْعال,‏(سماعي): طائِر أَطْيار ...
فاعِل,صفة,أَفْعال,‏(سماعي): شاهِد أَشْهاد، صاحِب أَصْحاب، قابِس أَقْباس ...
فاعِل,اسم,أَفْعِلة,‏(سماعي): وادٍ أَوْدِية، نادٍ أَنْدِية، باطِن أَبْطِنة ...
فاعِل,صفة,فُعّال,الصحيح اللام، للعاقل: قارِئ قُرّاء، زائِر زُوّار، كاتِب كُتّاب، خائِن خُوّان، جاهِل جُهّال ... وشذ: غازٍ غُزّاء، سارٍ سُرّاء، جانٍ جُنّاء ...
فاعِل,اسم,فِعال,‏(سماعي): حائِط حِياط ...
فاعِل,صفة,فِعال,‏(سماعي): نائِم نِيام، جائِع جِياع، صاحِب صِحاب، راعٍ رِعاء، صائِم صِيام، قائِم قِيام، تاجِر تِجار ...
فاعِل,صفة,فَعالة,‏(سماعي): صاحِب صَحابة ...
فاعِل,صفة,فِعالة,‏(سماعي): صاحِب صِحابة ...
فاعِل,صفة,فَعالَى,‏(سماعي): طاهِر طَهارَى، طامِع طَماعَى، خاشٍ خَشايا، صائِم صَيامَى، حائِر حَيارَى ...
فاعِل,صفة,فَعَل,‏(سماعي): خادِم خَدَم، طالِب طَلَب، شارِد شَرَد، راصِد رَصَد ...
فاعِل,اسم,فَعْل,‏(سماعي): طائِر طَيْر ...
فاعِل,صفة,فَعْل,‏(سماعي): صاحِب صَحْب، راكِب رَكْب، وافِد وَفْد، نائِم نَوْم، صائِم صَوْم، تاجِر تَجْر، زائِر زَوْر، حاجّ حَجّ، شارِب شَرْب ...
فاعِل,صفة,فُعُل,‏(سماعي): جاهِل جُهُل، تاجِر تُجُر، عاطِر عُطُر، شارِف شُرُف ...
فاعِل,صفة,فُعَّل,الصحيح اللام: صائِم صُوَّم، قاعِد قُعَّد، حائِض حُيَّض، نائِم نُوَّم، شاهِد شُهَّد، هاجِع هُجَّع، باسِل بُسَّل ... وشذ: غازٍ غُزّى، سارٍ سُرَّى، عافٍ عُفَّى ...
فاعِل,صفة,فُعْل,‏(سماعي): باسِل بُسْل، جاهِل جُهْل، حاجّ حُجّ، فارِه فُرْه، عانِس عُنْس، بازِل بُزْل، عائِذ عُوذ، حائِل حُول ...
فاعِل,صفة,فُعَلاء,إذا دل على مدح أو ذم: عالِم عُلَماء، جاهِل جُهَلاء، صالِح صُلَحاء، عاقِل عُقَلاء ... وشذ: ناطِر نُطَراء ...
فاعِل,اسم,فُعْلان,‏(سماعي): حاجِز حُجْزان، حاجِر حُجْران، شاطِئ شُطْئان، باطِن بُطْنان ...
فاعِل,صفة,فُعْلان,‏(سماعي): فارِس فُرْسان، راكِب رُكْبان، شابّ شُبّان، واحِد وُحْدان، يافِع يُفْعان، باغٍ بُغْيان، راعٍ رُعْيان، راهِب رُهْبان، صاحِب صُحْبان، حائِر حُوران ...
فاعِل,اسم,فِعْلان,‏(سماعي): حائِط حِيطان، جانّ جِنّان ...
فاعِل,صفة,فَعَلة,الصحيح اللام، للمذكر العاقل: كاتِب كَتَبة، عاجِز عَجَزة، بائِع باعة، قائِل قالة، قائِد قادة، خائِن خانة وخَوَنة، جائِر جارة وجَوَرة، ساحِر سَحَرة، وارِث وَرَثة، بارّ بَرَرة، قاصّ قَصَصة ... وشذ: ناعِق نَعَقة ...
فاعِل,صفة,فُعَلة,المعتل اللام، للمذكر العاقل: قاضٍ قُضاة، غازٍ غُزاة، راعٍ رُعاة، عارٍ عُراة، بانٍ بُناة ... وشذ (لأنه لغير العاقل): بازٍ بُزاة ... وشذ (لأنه غير معتل اللام): هادِر هُدَرة، جائِر جُوَرة ...
فاعِل,صفة,فِعَلة,‏(سماعي): هادِر هِدَرة ...
فاعِل,صفة,فِعْلة,‏(سماعي): سافِل سِفْلة ...
فاعِل,صفة,فَعْلَى,إذا دل على آفة أو مكروه: هالِك هَلْكَى، رائِب رَوْبَى، فاسِد فَسْدَى، عائِل عَيْلَى، ناحِل نَحْلَى ...
فاعِل,اسم,فُعُول,‏(سماعي): طائِر طُيُور ...
فاعِل,صفة,فُعُول,‏(سماعي): شاهِد شُهُود، حاضِر حُضُور، راقِد رُقُود، ساجِد سُجُود، هاجِع هُجُوع، غازٍ غُزِيّ، باكٍ بُكِيّ، جاثٍ جُثِيّ، عانِس عُنُوس، راكِب رُكُوب، جالِس جُلُوس، قاعِد قُعُود ...
فاعِل,صفة,فَعِيل,‏(سماعي): حاجّ حَجِيج، عازِب عَزِيب ...
فاعِل,اسم,فَواعِل,قارِب قَوارِب، حاجِب حَواجِب، كاهِل كَواهِل، قاسِم قَواسِم، حافِز حَوافِز، شاطِئ شَواطِئ ...
فاعِل,صفة,فَواعِل,‏- المؤنث العاقل: طامِث طَوامِث، ناهِد نَواهِد، حائِض حَوائِض، طالِق طَوالِق، حامِل حوامِل ... - المذكر غير العاقل: شاهِق شَواهِق، شامِخ شَوامِخ، ناهِق نَواهِق ... - المذكر العاقل (سماعي، وقيل قياسي): فارِس فَوارِس، غائِب غَوائِب، غافِل غَوافِل ...
فاعِلاء,اسم,فَواعِل,نافِقاء نَوافِق، قاصِعاء قَواصِع، راهِطاء رَواهِط ...
فاعِلة,صفة,فُعّال,‏(سماعي): صادَّة صُدّاد ...
فاعِلة,اسم,فَعالَى,‏(سماعي): زاوِية زَوايا، راوِية رَوايا ...
فاعِلة,صفة,فُعَّل,الصحيح اللام: نائِمة نُوَّم، صائِمة صُوَّم، راكِعة رُكَّع، عاذِلة عُذَّل، راضِعة رُضَّع ...
فاعِلة,اسم,فَواعِل,جائِزة جَوائِز، مادَّة مَوادّ، حاسَّة حَواسّ، ناصِية نَواصٍ، ناحِية نَواحٍ، بادِية بَوادٍ ...
فاعِلة,صفة,فَواعِل,نائِمة نَوائِم، شاعِرة شَواعِر، كاتِبة كَواتِب، آلِفة أَوالِف، حامِلة حَوامِل، عارِية عَوارٍ ...
فاعُول,اسم,فَواعِيل,حاسُوب حَواسِيب، قامُوس قَوامِيس، حانُوت حَوانِيت، ناطُور نَواطِير، ساطُور سَواطِير، طاوُوس طَواوِيس، جامُوس جَوامِيس، ناقُوس نَواقِيس ...
فاعُول,صفة,فَواعِيل,جارُوف جَوارِيف، حاطُوم حَواطِيم ...
فاعُولة,اسم,فَواعِيل,قارُورة قَوارِير، طاحُونة طَواحِين، بالُوعة بَوالِيع ...
فَعال,صفة,أَفاعِل,‏(سماعي): جَواد أَجاوِد ...
فَعال,صفة,أَفاعِيل,‏(سماعي): جَواد أَجاوِيد ...
فَعال,صفة,أَفْعال,‏(سماعي): جَواد أَجْواد ...
فَعال,اسم,أَفْعُل,المؤنث المعنوي: عَناق أَعْنُق، أَتان آتُن ... وشذ: مَكان أَمْكُن، زَمان أَزْمُن، عَتاد أَعْتُد، نَهار أَنْهُر، جَناح أَجْنُح ...
فَعال,اسم,أَفْعِلة,المذكر: جَناح أَجْنِحة، طَعام أَطْعِمة، شَراب أَشْرِبة، زَمان أَزْمِنة، خَيال أَخْيِلة، دَواء أَدْوِية، قَباء أَقْبِية ... وشذ: سماء أَسْمِية ...
فَعال,اسم,فَعائِل,المؤنث المعنوي: شَمال شَمائِل ...
فَعال,صفة,فِعال,‏(سماعي): جَواد جِياد ...
فَعال,صفة,فَعالِيّ,‏(سماعي): رَخاخ رَخاخِيّ ...
فَعال,اسم,فُعُل,المذكر غير المضعف وغير المعتل اللام: جَناح جُنُح، قَذال قُذُل ...
فَعال,صفة,فُعُل,‏(سماعي): صَناع صُنُع، جَماد جُمُد، حَصان حُصُن، جَواد جُوُد، رَجاح رُجُح ...
فَعال,اسم,فُعْل,‏(سماعي): أَتان أُتْن ...
فَعال,صفة,فُعْل,‏(سماعي): جَواد جُود، نَوار نُور، عَوان عُون ...
فَعال,اسم,فِعَل,‏(سماعي): سَماء سِمًى ...
فَعال,صفة,فُعَلاء,‏(سماعي): جَبان جُبَناء، جَواد جُوَداء ...
فَعال,اسم,فِعْلان,‏(سماعي): غَزال غِزْلان ...
فَعال,صفة,فُعَلة,‏(سماعي): جَواد جُوَدة ...
فَعال,اسم,فِعْلة,‏(سماعي): غَزال غِزْلة ...
فَعال,اسم,فُعِيل,‏(سماعي): سَماء سُمِيّ ...
فَعَّال,صفة,فَعاعِلة,‏(سماعي): جَبّار جِبابِرة، دَجّال دَجاجِلة ...
فَعَّال,اسم,فَعاعِيل,فَدّان فَدادِين، قَذّاف قَذاذِيف ...
فَعَّال,صفة,فَعاعِيل,‏(سماعي): جَبّار جِبابِير، دَجّال دَجاجِيل ...
فَعَّال,صفة,فَعَّالة,‏(سماعي): نَبّال نَبَّالَة ...
فَعَّال,اسم,فُعَّل,‏(سماعي): خَنّاس خُنَّس ...
فَعَّال,صفة,فُعْل,‏(سماعي): خَوّار خُور.
فَعَّال,اسم,فَعَلة,‏(سماعي): أَكّار أَكَرة ...
فُعال,اسم,أَفْعال,‏(سماعي): غُثاء أَغْثاء ...
فُعال,اسم,أَفْعُل,المؤنث المعنوي: عُقاب أَعْقُب، كُراع أَكْرُع ... وشذ: غُراب أَغْرُب ...
فُعال,اسم,أَفْعِلة,المذكر: بُخار أَبْخِرة، دُعاء أَدْعِية، غُراب أَغْرِبة، خُراج أَخْرِجة، غُلام أَغْلِمة، دُخان أَدْخِنة ... وشذ: عُقاب أَعْقِبة ...
فُعال,اسم,فَعائِل,المؤنث المعنوي: عُقاب عَقائِب ...
فُعال,صفة,فِعال,‏(سماعي): طُوال طِوال، خُفاف خِفاف، شُجاع شِجاع، هُمام هِمام ...
فُعال,اسم,فُعُل,غير المضعف وغير المعتل اللام: قُراد قُرُد، رُواق رُوُق ... وشذ: شُعاع شُعُع ...
فُعال,اسم,فُعْل,‏(سماعي): ذُباب ذُبّ، غُراب غُرْب، خُوان خُون، رُواق رُوق ...
فُعال,صفة,فُعَلاء,‏(سماعي، وقيل قياسي في غير المعتل والمضعف): بُعاد بُعَداء، شُجاع شُجَعاء، خُفاف خُفَفاء ...
فُعال,اسم,فُعْلان,‏(سماعي): زُقاق زُقّان، ظُهار ظُهْران، حُوار حُوران ...
فُعال,صفة,فُعْلان,‏(سماعي، وقيل قياسي): شُجاع شُجْعان ...
فُعال,اسم,فِعْلان,الصحيح العين: غُلام غِلْمان، غُراب غِرْبان، قُراد قِرْدان، ذُباب ذِبّان ...
فُعال,صفة,فِعْلان,‏(سماعي، وقيل قياسي): شُجاع شِجْعان ...
فُعال,اسم,فِعْلة,‏(سماعي): غُلام غِلْمة ...
فُعال,صفة,فِعْلة,‏(سماعي): شُجاع شِجْعة ...
فُعال,اسم,فَواعِل,‏(سماعي): دُخان دَواخِن، عُثان عَواثِن.
فُعَّال,اسم,فَعاعِيل,دُكَّان دَكاكِين، كُلَّاب كَلالِيب، خُفَّاش خَفافِيش، قُفَّاز قَفافِيز، خُطَّاف خَطاطِيف، عُكَّاز عَكاكِيز ...
فُعَّال,صفة,فَعاعِيل,‏(سماعي): عُوّار عَواوِير ...
فُعَّال,اسم,فَعالِيّ,‏(سماعي): مُكّاء مَكاكِيّ ...
فِعال,اسم,أَفاعِل,‏(سماعي): سِوار أَساوِر، سِقاء أَساقٍ ...
فِعال,اسم,أَفاعِلة,‏(سماعي): سِوار أَساوِرة ...
فِعال,اسم,أَفْعال,‏(سماعي): قِماط أَقْماط ...
فِعال,اسم,أَفْعُل,المؤنث المعنوي: لِسان أَلْسُن، ذِراع أَذْرُع، شِمال أَشْمُل، سِلاح أَسْلُح ... وشذ: عِنان أَعُنّ، طِحال أَطْحُل، شِهاب أَشْهُب ...
فِعال,اسم,أَفْعِلة,المذكر: رِباط أَرْبِطة، هِلال أَهِلَّة، سِقاء أَسْقِية، كِساء أَكْسِية، حِمار أَحْمِرة، رِداء أَرْدِية، فِناء أَفْنِية ...
فِعال,اسم,فَعائِل,المؤنث المعنوي: شِمال شَمائِل ... وشذ: ذِناب ذَنائِب، وِشاح وَشائِح ...
فِعال,صفة,فَعائِل,هِجان هَجائِن، شِناط شَنائِط ...
فِعال,صفة,فِعال,‏(سماعي): هِجان هِجان، كِناز كِناز، دِلاص دِلاص ...
فِعال,اسم,فُعُل,المذكر والمؤنث المعنوي غير المضعف وغير المعتل اللام: إزار أُزُر، كِتاب كُتُب، حِمار حُمُر، خِمار خُمُر ... وشذ: عِنان عُنُن، حِجاج حُجُج ...
فِعال,صفة,فُعُل,‏(سماعي): دِلاث دُلُث، لِكاك لُكُك، كِناز كُنُز، هِجان هُجُن ...
فِعال,اسم,فُعَّل,‏(سماعي): غِلاف غُلَّف ...
فِعال,اسم,فُعْل,‏(سماعي): حِصان حُصْن، لِسان لُسْن، خِوان خُون، رِواق رُوق، سِوار سُور، سِواك سُوك ...
فِعال,اسم,فُعْلان,‏(سماعي): جِدار جُدْران، شِهاب شُهْبان، ذِراع ذُرْعان ...
فِعال,اسم,فِعْلان,‏(سماعي): شِهاب شِهْبان، صِوار صِيران ...
فِعال,اسم,فُعُول,‏(سماعي): حِمار حُمُور، شِتاء شُتِيّ، فِناء فُنِيّ ...
فِعال,اسم,فَعِيل,‏(سماعي): حِمار حَمِير ...
فِعّال,اسم,فُعْلان,‏(سماعي): حِنّاء حُنْئان ...
فَعالة,اسم,فَعائِل,سَحابة سَحائِب، حَمامة حَمائِم، دَجاجة دَجائِج، شَهادة شَهائِد، عَلاقة عَلائِق، كَرامة كَرائِم ...
فَعالة,اسم,فَعال,اسم الجنس الجمعي: حَمامة حَمام، نَعامة نَعام ...
فَعالة,اسم,فَعالِيّ,‏(سماعي): زَرافة زَرافِيّ ...
فُعالة,اسم,فَعائِل,ذُبالة ذَبائِل، ذُبابة ذَبائِب، قُلامة قَلائِم، حُثالة حَثائِل ...
فُعالة,صفة,فَعائِل,غير المعتل والمضعف: شُجاعة شَجائِع ...
فُعالة,اسم,فُعال,اسم الجنس الجمعي: ذُبابة ذُباب، مُرارة مُرار ...
فُعالة,صفة,فِعال,‏(سماعي): شُجاعة شِجاع، طُوالة طِوال، خُفافة خِفاف ...
فُعالة,صفة,فُعُل,‏(سماعي): شُجاعة شُجُع ...
فُعَّالة,اسم,فَعاعِيل,عُكَّازة عَكاكِيز، كُنَّاشة كَنانِيش ...
فِعالة,اسم,فَعائِل,رِسالة رَسائِل، عِمامة عَمائِم، دِعامة دَعائِم ...
فِعالة,اسم,فِعال,‏(سماعي): دِجاجة دِجاج، عِمامة عِمام ...
فِعالة,اسم,فَعالَى,‏(سماعي): إداوة أَداوَى، هِراوة هَراوَى ...
فُعالَى,اسم,فَعائِل,حُبارَى حَبائِر ...
فَعالِيَة,صفة,فَعالِيّ,‏(سماعي): سَخاوِيَة سَخاوِيّ ...
فَعَل,اسم,أَفاعِل,‏(سماعي): غَنَم أَغانِم، جَمَل أَجامِل ...
فَعَل,اسم,أَفْعال,وَلَد أَوْلاد، عَدَد أَعْداد، ضَرَر أَضْرار، طَلَل أَطْلال، حَجَر أَحْجار، زَمَن أَزْمان، وَثَن أَوْثان، أَدَب آداب، باب أَبْواب، مال أَمْوال، حال أَحْوال ...
فَعَل,صفة,أَفْعال,‏(سماعي): بَطَل أَبْطال، خَلَق أَخْلاق ...
فَعَل,اسم,أَفْعُل,‏(سماعي): جَبَل أَجْبُل، عَصًا أَعْصٍ، حَجَر أَحْجُر، ثَمَن أَثْمُن، رَسَن أَرْسُن، قَفًا أَقْفٍ، قاع أَقْوُع، صاع أَصْوُع، ناب أَنْيُب، أَسَد آسُد، دار أَدْوُر، عَرَب أَعْرُب ...
فَعَل,اسم,أَفْعِلة,‏(سماعي، وقيل قياسي في المعتل اللام): نَدا أَنْدِية، خال أَخْوِلة، حال أَحْوِلة، باب أَبْوِبة، قَدَح أَقْدِحة، دار أَدْوِرة ...
فَعَل,اسم,فُعّال,‏(سماعي): سَلَف سُلاّف ...
فَعَل,اسم,فِعال,الصحيح اللام غير المضعف: جَبَل جِبال، جَمَل جِمال، حَجَر حِجار، وَجَع وِجاع ...
فَعَل,صفة,فِعال,‏(سماعي): حَسَن حِسان ...
فَعَل,اسم,فِعالة,‏(سماعي): حَجَر حِجارة، جَمَل جِمالة، دار دِيارة ...
فَعَل,صفة,فِعالة,‏(سماعي): ذَكَر ذِكارة ...
فَعَل,صفة,فُعالَى,‏(سماعي): قَزَم قُزامَى ...
فَعَل,اسم,فُعُل,‏(سماعي): عَسَل عُسُل، فَلَك فُلُك، نَهَر نُهُر، خَشَب خُشُب ...
فَعَل,صفة,فُعُل,‏(سماعي): نَصَف نُصُف ...
فَعَل,اسم,فُعْل,‏(سماعي، وقيل قياسي في الصحيح العين): أَسَد أُسْد، وَلَد وُلْد، فَلَك فُلْك، عَسَل عُسْل، وَثَن وُثْن، خَشَب خُشْب، جَمَل جُمْل، ساق سُوق، صاع صُوع، نار نُور، دار دُور، دَجَن دُجْن ...
فَعَل,اسم,فُعْلان,الصحيح العين: بَلَد بُلْدان، حَمَل حُمْلان، أَحَد أُحْدان، أَسَد أُسْدان، حَبَش حُبْشان، ذَهَب ذُهْبان، خَشَب خُشْبان ... وشذ: دار دُوران ...
فَعَل,صفة,فُعْلان,‏(سماعي): خَلَق خُلْقان ...
فَعَل,اسم,فِعْلان,الواوي العين: تاج تِيجان، جار جِيران، نار نِيران، قاع قِيعان، خال خِيلان ... وشذ: ضَرَب ضِرْبان، بَرَق بِرْقان، شَبَث شِبْثان، فَتًى فِتْيان، صَدَح صِدْحان ...
فَعَل,صفة,فِعَلة,‏(سماعي): ذَكَر ذِكَرة ...
فَعَل,اسم,فِعْلة,‏(سماعي): جار جِيرة، وَلَد وِلْدة، فَتًى فِتْية، فَتًى فِتْوة، قاع قِيعة، نار نِيرة ...
فَعَل,اسم,فُعُول,‏(سماعي): أَسَد أُسُود، عَصًا عُصِيّ، شَبَح شُبُوح، شَجَن شُجُون، فَرَس فُرُوس، أَبَد أُبُود، غَنَم غُنُوم، رَجَب رُجُوب، ذَهَب ذُهُوب، عَسَل عُسُول، طَلَل طُلُول، قَفًا قُفِيّ، خال خُؤُول، سَمَك سُمُوك، خَرَش خُرُوش، فَتًى فُتُوّ، فَتًى فُتِيّ، ناب نُيُوب ...
فَعَل,صفة,فُعُول,‏(سماعي): ذَكَر ذُكُور ...
فَعَل,اسم,فُعُولة,‏(سماعي): خال خُؤُولة ...
فَعَل,صفة,فُعُولة,‏(سماعي): ذَكَر ذُكُورة ...
فَعَل,اسم,مَفاعِل,‏(سماعي): شَبَه مَشابِه ...
فَعَل,اسم,مَفاعِيل,‏(سماعي): ذَكَر مَذاكِير ....
فَعُل,اسم,أَفْعال,عَضُد أَعْضاد، عَجُز أَعْجاز ...
فَعُل,صفة,أَفْعال,‏(سماعي): يَقُظ أَيْقاظ، نَجُد أَنْجاد ...
فَعُل,اسم,أَفْعُل,‏(سماعي): ضَبُع أَضْبُع ...
فَعُل,اسم,فِعال,‏(سماعي): رَجُل رِجال، سَبُع سِباع، ضَبُع ضِباع ...
فَعُل,اسم,فُعْل,‏(سماعي): ضَبُع ضُبْع ...
فَعِل,اسم,أَفْعال,كَبِد أَكْباد، كَتِف أَكْتاف، نَمِر أَنْمار، وَعِل أَوْعال، فَخِذ أَفْخاذ ...
فَعِل,صفة,أَفْعال,‏(سماعي، وقيل قياسي): فَرِح أَفْراح، نَكِد أَنْكاد، يَقِظ أَيْقاظ...
فَعِل,اسم,أَفْعُل,‏(سماعي): نَمِر أَنْمُر ...
فَعِل,اسم,فِعال,‏(سماعي): نَمِر نِمار ...
فَعِل,صفة,فِعال,‏(سماعي، وقيل قياسي): فَرِح فِراح، غَرِث غِراث ...
فَعِل,اسم,فِعالة,‏(سماعي): نَمِر نِمارة ...
فَعِل,صفة,فَعالَى,‏(سماعي): وَجِع وَجاعَى، حَذِر حَذارَى، حَبِط حَباطَى، رَجِل رَجالَى، بَغِر بَغارَى ...
فَعِل,اسم,فُعُل,‏(سماعي): نَمِر نُمُر، وَعِل وُعُل ...
فَعِل,صفة,فُعُل,‏(سماعي): خَشِن خُشُن ...
فَعِل,صفة,فُعْل,‏(سماعي): لَسِن لُسْن ...
فَعِل,صفة,فُعَلاء,‏(سماعي): عَدِم عُدَماء ...
فَعِل,اسم,فِعَلة,‏(سماعي): كَتِف كِتَفة ...
فَعِل,صفة,فَعْلَى,إذا دلّ على آفة من موت أو عيب أو نقص: وَجِع وَجْعَى، هَرِم هَرْمَى، زَمِن زَمْنَى، سَعِر سَعْرَى، ضَمِن ضَمْنَى ...
فَعِل,اسم,فُعُول,غير واوي العين: مَلِك مُلُوك، نَمِر نُمُور، وَعِل وُعُول، كَبِد كُبُود ...
فَعِل,اسم,فُعُولة,‏(سماعي): نَمِر نُمُورة ...
فَعْل,اسم,أَفاعِل,‏(سماعي): رَهْط أَراهِط، حَظّ أَحاظٍ ...
فَعْل,اسم,أَفْعال,وَقْت أَوْقات، عَمّ أَعْمام، سَيْف أَسْياف، ثَوْب أَثْواب، حَيّ أَحْياء، لَوْن أَلْوان، شَوْق أَشْواق، غَوْر أَغْوار ...
فَعْل,صفة,أَفْعال,‏(سماعي): ضَيْف أَضْياف، شَيْخ أَشْياخ، وَعْر أَوْعار، وَغْد أَوْغاد، ثَطّ أَثْطاط، جَلْد أَجْلاد ...
فَعْل,اسم,أَفْعُل,الصحيح العين غير المضعف، وليست فاؤه واوًا: نَهْر أَنْهُر، بَحْر أَبْحُر، حَرْف أَحْرُف، ضَرْب أَضْرُب، شَهْر أَشْهُر... وشذ (لأنه أجوف): قَوْس أَقْوُس، ثَوْب أَثْوُب، عَيْن أَعْيُن، سَيْف أَسْيُف، دَيْن أَدْيُن ... وشذ (لأن فاءه واو): وَجْه أَوْجُه، وَكْر أَوْكُر، وَكْن أَوْكُن، وَسْق أَوْسُق ... وشذ (لأنه مضعف): كَفّ أَكُفّ، صَكّ أَصُكّ، ضَبّ أَضُبّ، حَظّ أَحُظّ ...
فَعْل,اسم,أَفْعِلة,‏(سماعي): فَرْخ أَفْرِخة، قَدّ أَقِدَّة ...
فَعْل,اسم,فَعائِل,‏(سماعي): لَيْل لَيائِل ...
فَعْل,اسم,فَعالٍ,‏(سماعي): لَيْل لَيالٍ، أَرْض أَراضٍ، أَهْل أَهالٍ ...
فَعْل,اسم,فِعال,غير يائي الفاء أو العين: بَحْر بِحار، دَلْو دِلاء، كَعْب كِعاب، كَبْل كِبال ، ثَوْب ثِياب، ظَبْي ظِباء ... وشذ (لأنه يائي الفاء): يَعْر يِعار ... وشذ (لأنه يائي العين): غَيْب غِياب، عَيْر عِيار ...
فَعْل,صفة,فِعال,غير يائي الفاء أو العين: ضَخْم ضِخام، صَعْب صِعاب، خَدْل خِدال، ثَطّ ثِطاط ... وشذ: ضَيْف ضِياف ...
فَعْل,اسم,فِعالة,‏(سماعي): فَحْل فِحالة، صَقْر صِقارة ...
فَعْل,صفة,فُعالَى,‏(سماعي): فَرْد فُرادَى ...
فَعْل,اسم,فُعُل,‏(سماعي): سَقْف سُقُف، رَهْن رُهُن، عَرْش عُرُش، نَجْم نُجُم، ضَبْع ضُبُع، نَهْر نُهُر، عَبْد عُبُد ...
فَعْل,صفة,فُعُل,‏(سماعي): سَحْل سُحُل، نَجْد نُجُد ...
فَعْل,اسم,فُعْل,‏(سماعي): صَقْر صُقْر، سَقْف سُقْف، حَظّ حُظّ، كَفّ كُفّ، ضَبْع ضُبْع، وَكْن وُكْن، جَوْن جُون ...
فَعْل,صفة,فُعْل,‏(سماعي): جَلْد جُلْد، حَشْر حُشْر، ثَطّ ثُطّ، جَوْن جُون، خَوْد خُود، كَزّ كُزّ، لَدْن لُدْن، نَسْء نُسْء ...
فَعْل,اسم,فِعَل,‏(سماعي): قَشْع قِشَع، حَرْف حِرَف، طَلّ طِلَل ...
فَعْل,صفة,فُعَلاء,‏(سماعي): سَمْح سُمَحاء، نَذْل نُذَلاء، مَحْت مُحَتاء، نَدْب نُدَباء ...
فَعْل,اسم,فِعْلاء,‏(سماعي): حَظّ حِظّاء ...
فَعْل,اسم,فُعْلان,الصحيح العين: ظَهْر ظُهْران، بَطْن بُطْنان، رَكْب رُكْبان، وَحْش وُحْشان، شَطّ شُطّان، عَبْد عُبدان ...
فَعْل,صفة,فُعْلان,‏(سماعي): وَغْد وُغْدان، ثَطّ ثُطّان ...
فَعْل,اسم,فِعْلان,‏(سماعي): عَبْد عِبْدان، خَيْط خِيطان، أَخ إخْوان، فَأْر فِئْران، جَحْش جِحْشان، رَأْل رِئْلان، فَرْخ فِرْخان، ثَوْر ثِيران، وَصْع وِصْعان، حَشّ حِشّان، جَدْي جِدْيان، وَقْط وِقْطان ...
فَعْل,صفة,فِعْلان,‏(سماعي): شَيْخ شِيخان، ضَيْف ضِيفان، وَغْد وِغْدان ...
فَعْل,صفة,فَعَلة,‏(سماعي): بَرّ بَرَرة، عَقّ عَقَقة ...
فَعْل,اسم,فِعَلة,‏(سماعي): تَيْس تِيَسة، زَوْج زِوَجة، طَوْد طِوَدة، ثَوْر ثِوَرة، ثَوْر ثِيَرة، عَرْش عِرَشة، قَعْب قِعَبة، غَرْد غِرَدة، فَأْر فِئَرة، شَقْب شِقَبة، جَحْش جِحَشة، دَرْص دِرَصة ...
فَعْل,صفة,فِعَلة,‏(سماعي): شَيْخ شِيَخة، رَطْل رِطَلة ...
فَعْل,اسم,فِعْلة,‏(سماعي): أَخ إخْوة، خَرْق خِرْقة، ثَوْر ثِيرة ...
فَعْل,صفة,فِعْلة,‏(سماعي): شَيْخ شِيخة ...
فَعْل,صفة,فَعْلَى,‏(سماعي): جَلْد جَلْدَى ...
فَعْل,اسم,فُعُول,غير واوي العين: سَقْف سُقُوف، سَطْح سُطُوح، فَأْس فُؤُوس، خَيْط خُيُوط، دَلْو دُلِيّ، عَمّ عُمُوم ... وشذ: غَوْر غُؤُور، فَوْج فُؤُوج، هَوْل هُؤُول ...
فَعْل,صفة,فُعُول,‏(سماعي): كَهْل كُهُول، شَيْخ شُيُوخ، ضَيْف ضُيُوف ...
فَعْل,اسم,فُعُولة,‏(سماعي): عَمّ عُمُومة، بَعْل بُعُولة، فَحْل فُحُولة، صَقْر صُقُورة، جَدّ جُدُودة، حَظّ حُظُوظة، عَيْر عُيُورة ...
فَعْل,اسم,فَعِيل,‏(سماعي): عَبْد عَبِيد، كَلْب كَلِيب، مَعْز مَعِيز ...
فَعْل,اسم,فَواعِل,‏(سماعي): أَمْر أَوامِر، نَهْي نَواهٍ ...
فَعْل,اسم,مَفاعِل,‏(سماعي): فَقْر مَفاقِر، عَيْب مَعايِب ...
فَعْل,صفة,مَفاعِل,‏(سماعي): شَيْخ مَشايِخ ...
فُعَل,اسم,أَفْعال,‏(سماعي): رُطَب أَرْطاب، رُبَع أَرْباع ...
فُعَل,اسم,أَفْعُل,‏(سماعي): لم يرد إلا: رُبَع أَرْبُع.
فُعَل,اسم,فِعال,‏(سماعي): رُبَع رِباع، رُطَب رِطاب ...
فُعَل,اسم,فِعْلان,جُرَذ جِرْذان، صُرَد صِرْدان، نُغَر نِغْران، قُذَذ قِذّان، جُعَل جِعْلان، نُهَس نِهْسان ...
فُعُل,اسم,أَفْعال,ظُفُر أَظْفار، عُنُق أَعْناق، خُلُق أَخْلاق، أُذُن آذان، أُفُق آفاق ...
فُعُل,صفة,أَفْعال,‏(سماعي): جُنُب أَجْناب، شُلُل أَشْلال.
فُعُل,اسم,أَفْعُل,‏(سماعي): ظُفُر أَظْفُر، حُقُب أَحْقُب ...
فُعَّل,اسم,فَعاعِل,سُلَّم سَلالِم، دُمَّل دَمامِل ...
فُعَّل,صفة,فَعاعِل,كُرَّز كَرارِز ...
فُعْل,اسم,أَفْعال,ظُفْر أَظْفار، نُور أَنْوار، قُفْل أَقْفال، سُور أَسْوار، عُشّ أَعْشاش، عُود أَعْواد، بُرْج أَبْراج، عُضْو أَعْضاء ...
فُعْل,صفة,أَفْعال,‏(سماعي): حُرّ أَحْرار، صُلْب أَصْلاب، مُرّ أَمْرار ...
فُعْل,اسم,أَفْعُل,‏(سماعي): قُفْل أَقْفُل، رُكْن أَرْكُن، ظُفْر أَظْفُر، صُلْب أَصْلُب، قُرْط أَقْرُط، حُقْب أَحْقُب، بُرْد أَبْرُد ...
فُعْل,اسم,فِعال,غير واوي العين ولا يائي اللام: رُمْح رِماح، دُهْن دِهان، رُبْع رِباع، خُفّ خِفاف، عُشّ عِشاش، خُصّ خِصاص ...
فُعْل,اسم,فِعالة,‏(سماعي): مُهْر مِهارة ...
فُعْل,اسم,فُعَل,‏(سماعي، وقيل قياسي): جُمْل جُمَل ...
فُعْل,اسم,فُعْل,‏(سماعي): فُلْك فُلْك ...
فُعْل,اسم,فُعْلان,‏(سماعي): عُشّ عُشّان، خُصّ خُصّان، خُرْص خُرْصان ...
فُعْل,اسم,فِعْلان,الواوي العين: حُوت حِيتان، نُور نِيران، عُود عِيدان، غُول غِيلان، نُون نِينان ...
فُعْل,اسم,فَعَلة,‏(سماعي): زُقّ زَقَقة ...
فُعْل,اسم,فِعَلة,الصحيح اللام: دُبّ دِبَبة، قُرْط قِرَطة، دُرْج دِرَجة، حُوت حِوَتة، جُحْر جِحَرة، رُمْح رِمَحة، غُول غِوَلة ... (سماعي): تُرْس تِرَسة، قُرْط قِرَطة، غُصْن غِصَنة، جُحْر جِحَرة، جُرْز جِرَزة، قُلْب قِلَبة، حُبّ حِبَبة ...
فُعْل,صفة,فِعَلة,‏(سماعي): صُلْب صِلَبة ...
فُعْل,اسم,فُعُول,غير واوي العين، ولا يائي اللام، ولا المضعف: جُرْح جُرُوح، بُرْج بُرُوج، قُفْل قُفُول ... وشذ (لأنه مضعف): خُصّ خُصُوص، حُصّ حُصُوص ... وشذ (لأنه يائي اللام): نُؤْي نُئِيّ ...
فُعْل,صفة,مَفاعِل,‏(سماعي): حُسْن مَحاسِن، قُبْح مَقابِح ...
فِعَل,اسم,أَفْعال,ضِلَع أَضْلاع، عِنَب أَعْناب ...
فِعَل,اسم,أَفْعُل,‏(سماعي): ضِلَع أَضْلُع ...
فِعَل,اسم,فُعُول,‏(سماعي): ضِلَع ضُلُوع، إرَم أُرُوم ...
فِعَلّ,اسم,فَعالِل,قِمَطْر قَماطِر، فِطَحْل فَطاحِل ...
فِعَلّ,صفة,فَعالِل,فِطَحْل فَطاحِل، سِبَطْر سَباطِر، هِزَبْر هَزابِر ...
فِعِل,اسم,أَفْعال,إبِل آبال، إطِل آطال، حِبِر أَحْبار ...
فِعِل,صفة,أَفْعال,‏(سماعي): إبِد آباد، بِلِز أَبْلاز.
فِعْل,اسم,أَفاعِيل,‏(سماعي): قِدْح أَقادِيح ...
فِعْل,اسم,أَفْعال,سِفْر أَسْفار، جِسْم أَجْسام، حِمْل أَحْمال، حِين أَحْيان، فِيل أَفْيال، جِيل أَجْيال، إثْم آثام، ضِلْع أَضْلاع ...
فِعْل,صفة,أَفْعال,جِلْف أَجْلاف، نِقْض أَنْقاض، نِضْو أَنْضاء، طِلْب أَطْلاب، ظِئْر أَظْآر، قِنّ أَقْنان ...
فِعْل,اسم,أَفْعُل,‏(سماعي): رِجْل أَرْجُل، ذِئْب أَذْؤُب، سِنّ أَسُنّ، ضِلْع أَضْلُع، شِبْل أَشْبُل، دِرْع أَدْرُع، بِئْر أَبْؤُر، رِخْل أَرْخُل ...
فِعْل,صفة,أَفْعُل,‏(سماعي): جِلْف أَجْلُف، ظِئْر أَظْؤُر ...
فِعْل,اسم,أَفْعِلة,‏(سماعي): سِنّ أَسِنَّة، قِدْح أَقْدِحة ...
فِعْل,صفة,أَفْعِلة,‏(سماعي): قِنّ أَقِنّة.
فِعْل,اسم,فِعال,غير واوي العين ولا يائي اللام: ذِئْب ذِئاب، ظِلّ ظِلال، رِيح رِياح، قِدْح قِداح، شِعْب شِعاب، بِئْر بِئار ... وشذ: نِحْي نِحاء ...
فِعْل,صفة,فُعُل,‏(سماعي): بِدْع بُدُع ...
فِعْل,صفة,فُعْل,‏(سماعي): ظِئْر ظُؤْر ...
فِعْل,اسم,فِعَل,‏(سماعي): قِرْد قِرَد، هِدْم هِدَم، مِلْح مِلَح، رِيح رِيَح ...
فِعْل,صفة,فِعْل,‏(سماعي): طِفْل طِفْل ...
فِعْل,صفة,فُعَلاء,‏(سماعي): خِلْم خُلَماء، صِهْر صُهَراء، خِلْص خُلَصاء ...
فِعْل,اسم,فُعْلان,‏(سماعي): ذِئْب ذُؤْبان، زِقّ زُقّان ...
فِعْل,اسم,فِعْلان,‏(سماعي): صِنْو صِنْوان، قِنْو قِنْوان، حِسْل حِسْلان، رِئْد رِئْدان، رِخْل رِخْلان ...
فِعْل,اسم,فَعَلة,‏(سماعي): رِخْل رَخَلة ...
فِعْل,اسم,فِعَلة,‏(سماعي): قِرْد قِرَدة، دِيك دِيَكة، حِسْل حِسَلة، قِحْف قِحَفة، عِلْج عِلَجة، حِصْن حِصَنة، قِطّ قِطَطة، هِرّ هِرَرة، فِيل فِيَلة، زِير زِيَرة، كِير كِيَرة، كِيس كِيَسة، دِيخ دِيَخة، رِخْل رِخَلة، شِقْب شِقَبة، غِرْد غِرَدة ...
فِعْل,صفة,فِعَلة,‏(سماعي): ثِلْب ثِلَبة ...
فِعْل,اسم,فِعْلة,‏(سماعي): ثِنْي ثِنْية ...
فِعْل,صفة,فِعْلة,‏(سماعي): مِلْح مِلْحة ...
فِعْل,اسم,فُعُول,غِمْد غُمُود، جِلْد جُلُود، حِمْل حُمُول، عِطْر عُطُور، ضِرْس ضُرُوس، جِسْم جُسُوم، قِرْد قُرُود ...
فِعْل,صفة,فُعُول,‏(سماعي): ظِئْر ظُؤُور ...
فِعْل,صفة,فُعُولة,‏(سماعي): ظِئْر ظُؤُورة ...
فِعْل,اسم,فَعِيل,‏(سماعي): ضِرْس ضَرِيس ...
فَعْلاء,اسم,فَعالٍ,صَحْراء صَحارٍ، وَرْقاء وَراقٍ، نَبْخاء نَباخٍ، عَزْلاء عَزالٍ ...
فَعْلاء,صفة,فَعالٍ,‏(سماعي): عَذْراء عَذارٍ ...
فَعْلاء,اسم,فِعال,‏(سماعي): بَطْحاء بِطاح ...
فَعْلاء,صفة,فِعال,‏(سماعي): عَجْفاء عِجاف، جَرْباء جِراب، حَسناء حِسان...
فَعْلاء,اسم,فَعالَى,صَحْراء صَحارَى، وَرْقاء وَراقَى، عَزْلاء عَزالَى ...
فَعْلاء,صفة,فَعالَى,‏(سماعي): عَذْراء عَذارَى، خَشْياء خَشايا ...
فَعْلاء,اسم,فَعالِيّ,‏(سماعي): صَحْراء صَحارِيّ ...
فَعْلاء,صفة,فُعَل,‏(سماعي): بَتْعاء بُتَع، جَمْعاء جُمَع، دَرْعاء دُرَع ...
فَعْلاء,صفة,فُعُل,‏(سماعي): حَلْفاء حُلُف ...
فَعْلاء,اسم,فُعْل,‏(سماعي): بَيْداء بِيد ...
فَعْلاء,صفة,فُعْل,مؤنث أَفْعَل: حَمْراء حُمْر، نَجْلاء نُجْل، بَيْضاء بِيض، صَمّاء صُمّ، بَكْماء بُكْم، عَمْياء عُمْي، غَرّاء غُرّ ... وشذ: عَجْزاء عُجْز ... (سماعي): حَلْفاء حُلْف، هَوْجاء هُوج ...
فَعْلاء,صفة,فُعْلان,‏(سماعي): عَمْياء عُمْيان، عَوْراء عُوران، عَرْجاء عُرْجان، قَرْعاء قُرْعان، صَلْعاء صُلْعان، صَمّاء صُمّان ...
فَعْلاء,صفة,فَعْلَى,إذا دلّ على آفة أو مكروه: هَوْجاء هَوْجَى، حَمْقاء حَمْقَى...
فُعَلاء,صفة,فُعال,‏(سماعي): نُفَساء نُفاس.
فُعَلاء,صفة,فُعّال,‏(سماعي): نُفَساء نُفّاس ...
فُعَلاء,صفة,فِعال,‏(سماعي): نُفَساء نِفاس، عُشَراء عِشار.
فُعَلاء,صفة,فُعُل,‏(سماعي): نُفَساء نُفُس ...
فُعَلاء,صفة,فُعَّل,‏(سماعي): نُفَساء نُفَّس ...
فُعَلاء,صفة,فُعْل,‏(سماعي): نُفَساء نُفْس ...
فُعَلاء,صفة,فَواعِل,‏(سماعي): نُفَساء نَوافِس ...
فُعْلاء,اسم,فَعالِيّ,‏(سماعي): قُوباء قَوابِيّ.
فِعْلاء,اسم,فَعالِيّ,‏(سماعي): حِرْباء حَرابِيّ، عِلْباء عَلابِيّ، سِيساء سَياسِيّ ...
فِعْلاءة,صفة,فَعالِيّ,‏(سماعي): حِزْباءة حَزابِيّ ...
فَعْلاة,اسم,فَعالٍ,مَوْماة مَوامٍ، فَيْفاة فَيافٍ ...
فِعْلاة,اسم,فَعالٍ,سِعْلاة سَعالٍ ...
فِعْلاة,صفة,فَعالٍ,عِزْهاة عَزاهٍ ...
فَعْلال,اسم,فَعالِل,زَلْزال زَلازِل ...
فَعْلال,اسم,فَعالِيل,خَلْخال خَلاخِيل ...
فُعْلال,اسم,فَعالِيل,عُنْوان عَناوِين، فُسْطاط فَساطِيط ...
فِعْلال,صفة,فَعالِل,سِرْداح سَرادِح ...
فِعْلال,اسم,فَعالِلة,سِمْسار سَماسِرة، جِلْواز جَلاوِزة ...
فِعْلال,صفة,فَعالِلة,فِرْناس فَرانِسة، عِمْلاق عَمالِقة ...
فِعْلال,اسم,فَعالِيل,قِرْطاس قَراطِيس، قِنْطار قَناطِير، سِرْداب سَرادِيب، غِرْبال غَرابِيل، جِلْباب جَلابِيب، فِنْجان فَناجِين، سِرْبال سَرابِيل ...
فِعْلال,صفة,فَعالِيل,عِمْلاق عَمالِيق ...
فَعَلان,اسم,أَفْعِلة,‏(سماعي): رَمَضان أَرْمِضة ...
فَعَلان,اسم,فَعالِين,كَرَوان كَراوِين، وَرَشان وَراشِين ...
فَعُلان,اسم,فَعالِين,سَبُعان سَباعِين ...
فَعِلان,اسم,فَعالِيّ,‏(سماعي): ظَرِبان ظَرابِيّ ...
فَعِلان,اسم,فَعالِين,ظَرِبان ظَرابِين ...
فَعْلان,صفة,فِعال,إذا كان مؤنث فَعْلان هو فَعْلَى: غَضْبان غِضاب، عَطْشان عِطاش، عَجْلان عِجال، ظَمآن ظِماء، رَيّان رِواء، هَيْمان هِيام ... أو كان مؤنثه فَعْلانة: نَدْمان نِدام ...
فَعْلان,صفة,فَعالَى,نَدْمان نَدامَى، عَطْشان عَطاشَى، سَكْران سَكارَى، غَضْبان غَضابَى، ضَعْفان ضَعافَى، خَزْيان خَزايا، وَحْشان وَحاشَى ...
فَعْلان,صفة,فُعالَى,إذا كان مؤنث فَعْلان هو فَعْلَى: عَطْشان عُطاشَى، عَجْلان عُجالَى، سَكْران سُكارَى، كَسْلان كُسالَى، غَيْران غُيارَى ...
فَعْلان,اسم,فَعالِين,مَيْدان مَيادِين، رَيْحان رَياحِين، شَعْبان شَعابِين ...
فَعْلان,صفة,فَعْلَى,إذا كان مؤنث فَعْلان هو فَعْلَى ودل على آفة من ألم أو نقص أو عيب: عَطْشان عَطْشَى، سَكْران سَكْرَى، كَسْلان كَسْلَى، عَجْلان عَجْلَى، حَزْنان حَزْنَى ...
فُعُلان,اسم,فَعالِين,سُلُطان سَلاطِين ...
فُعْلان,صفة,فِعال,إذا كان مؤنث فُعْلان هو فُعْلانة: خُمْصان خِماص ...
فُعْلان,اسم,فَعالِين,سُلْطان سَلاطِين، قُرْبان قَرابِين، بُسْتان بَساتِين، ثُعْبان ثَعابِين ...
فُعْلان,صفة,فُعَلة,‏(سماعي): عُرْيان عُراة ...
فِعْلان,اسم,فِعال,‏(سماعي): سِرْحان سِراح، ضِبْعان ضِباع ...
فِعْلان,اسم,فَعالِيّ,‏(سماعي): إنْسان أَناسِيّ ...
فِعْلان,اسم,فَعالِين,سِرْحان سَراحِين، ضِبْعان ضَباعِين ...
فَعْلانة,صفة,فِعال,نَدْمانة نِدام، عَطْشانة عِطاش، ظَمْآنة ظِماء ...
فُعْلانة,صفة,فِعال,خُمْصانة خِماص ...
فَعَلة,اسم,أَفْعال,‏(سماعي): شَجَرة أَشْجار، ناقة أَنْواق، أَكَمة آكام، أَجَمة آجام ...
فَعَلة,اسم,أَفْعُل,‏(سماعي): ناقة أَنْوُق، رَقَبة أَرْقُب، أَكَمة آكُم، أَمة آمٍ، أَجَمة آجُم ...
فَعَلة,اسم,فَعائِل,‏(سماعي): جَنَبة جَنائِب ...
فَعَلة,صفة,فِعال,‏(سماعي): حَسَنة حِسان ...
فَعَلة,اسم,فَعَل,اسم جنس جمعي: شَجَرة شَجَر، دَرَجة دَرَج، بَلَحة بَلَح، حَصاة حَصًى، قَناة قَنًا، ناقة ناق، ساحة ساح ...
فَعَلة,اسم,فُعُل,‏(سماعي): خَشَبة خُشُب، ثَمَرة ثُمُر، بَدَنة بُدُن، أَكَمة أُكُم، أَجَمة أُجُم ...
فَعَلة,اسم,فُعْل,‏(سماعي): ناقة نُوق، خَشَبة خُشْب، بَدَنة بُدْن، ساحة سُوح، أَجَمة أُجْم، باحة بُوح ...
فَعَلة,اسم,فِعَل,‏(سماعي): قامة قِيَم، تارة تِيَر، حاجة حِوَج ...
فَعَلة,اسم,فُعُول,‏(سماعي): نَدَبة نُدُوب، حَصاة حُصِيّ، دَواة دُوِيّ، صَفاة صُفِيّ، شَعَفة شُعُوف، قَناة قُنِيّ ...
فَعَلة,اسم,فَواعِل,‏(سماعي): حاجة حَوائِج، عادة عوائِد ...
فَعَلة,اسم,مَفاعِل,‏(سماعي): قَمَعة مَقامِع ...
فَعَلَة,اسم,فِعال,الصحيح اللام غير المضعف: ثَمَرة ثِمار، رَقَبَة رِقاب، أَجَمَة إجام، ناقَة نِياق، عَقَبَة عِقاب ... وشذ (لأنه معتل اللام): أَمَة إماء، أَضاة إضاء ...
فَعُلة,اسم,فَعُل,لَبُؤة لَبُؤ، سَمُرة سَمُر ...
فَعِلة,صفة,فَعائِل,‏(سماعي): خَرِبة خَرائِب، خَفِرة خَفائِر ...
فَعِلة,اسم,فِعال,‏(سماعي): نَمِرة نِمار ...
فَعِلة,صفة,فَعالَى,‏(سماعي): وَجِعة وَجاعَى، ضَبِعة ضَباعَى ...
فَعِلة,صفة,فُعُل,‏(سماعي): فَرِحة فُرُح ...
فَعِلة,اسم,فِعَل,‏(سماعي، وقيل قياسي، وقيل هو اسم جنس جمعي): مَعِدة مِعَد، نَقِمة نِقَم، نَبِقة نِبَق ...
فَعْلة,اسم,أَفْعال,‏(سماعي): هَضْبة أَهْضاب، عَرْصة أَعْراص، ضَهْوة أَضْهاء ...
فَعْلة,اسم,أَفْعِلة,‏(سماعي): شَهْوة أَشْهِية ...
فَعْلة,اسم,فَعائِل,‏(سماعي): كَنَّة كَنائِن، ضَرَّة ضَرائِر، حَلْبة حَلائِب ...
فَعْلة,صفة,فَعائِل,‏(سماعي): رَخْصة رَخائِص ...
فَعْلة,اسم,فَعالٍ,‏(سماعي): لَيْلة لَيالٍ، كَيْكة كَياكٍ ...
فَعْلة,اسم,فِعال,غير يائي العين أو اللام: رَوْضة رِياض، قَصْعة قِصاع، كَلْبة كِلاب، هَضْبة هِضاب ... وشذ (لأنه يائي العين): ضَيْعة ضِياع، عَيْبة عِياب ... وشذ (لأنه يائي اللام): ظَبْية ظِباء ...
فَعْلة,صفة,فِعال,غير يائي العين أو اللام: صَعْبة صِعاب، ضَخْمة ضِخام، كَمْشة كِماش، عَبْلة عِبال، خَدْلة خِدال، جَعْدة جِعاد...
فَعْلة,اسم,فَعَل,‏(سماعي): حَلْقة حَلَق، حَمْأة حَمَأ، بَكْرة بَكَر، فَتْخة فَتَخ...
فَعْلة,اسم,فُعَل,‏(سماعي، وقيل قياسي في الواوي العين): دَوْلة دُوَل، نَوْبة نُوَب، قَرْية قُرًى، نَزْوة نُزًا، شَهْوة شُهًا، حَفْنة حُفَن، غَمْرة غُمَر ...
فَعْلة,اسم,فِعَل,‏(سماعي، وقيل قياسي): قَصْعة قِصَع، ضَيْعة ضِيَع، نَبْقة نِبَق، شَكْلة شِكَل، حَلْقة حِلَق، هَضْبة هِضَب، بَضْعة بِضَع، عَيْبة عِيَب، بَيْعة بِيَع، لَزْبة لِزَب، مَرَّة مِرَر، دَوْلة دِوَل، بَدْرة بِدَر ...
فَعْلة,اسم,فُعُول,‏(سماعي): صَخْرة صُخُور، بَدْرة بُدُور، مَأْنة مُؤُون، مَرَّة مُرُور، فَتْخة فُتُوخ ...
فَعْلة,اسم,مَفاعِل,‏(سماعي): لَمْحة مَلامِح ...
فُعَلة,اسم,فُعَل,‏(سماعي): تُهَمة تُهَم، تُخَمة تُخَم ...
فُعُلة,اسم,فُعَل,‏(سماعي): جُمُعة جُمَع، قُرُبة قُرَب ...
فُعْلة,صفة,فَعائِل,‏(سماعي): حُرَّة حَرائِر، مُرَّة مَرائِر.
فُعْلة,اسم,فِعال,‏(سماعي، وقيل قياسي): نُقْطة نِقاط، بُقْعة بِقاع، رُقْعة رِقاع، نُطْفة نِطاف، رُفْقة رِفاق، قُبَّة قِباب، خُلَّة خِلال، بُرْمة بِرام، حُفْرة حِفار، بُرْقة بِراق، نُقْرة نِقار، غُرْفة غِراف، جُفْرة جِفار، نُكْتة نِكات، ظُلَّة ظِلال، قُلَّة قِلال، شُعْبة شِعاب، جُبَّة جِباب، فُرْضة فِراض ...
فُعْلة,اسم,فُعَل,غُرْفة غُرَف، مُدَّة مُدَد، حُجَّة حُجَج، خُطْوة خُطًا، كُلْية كُلًى، سُورة سُوَر، شُعْبة شُعَب، صُورة صُوَر ...
فُعْلة,صفة,فُعَل,‏(سماعي): بُهْمة بُهَم ...
فُعْلة,اسم,فُعْل,‏(سماعي): دُرَّة دُرّ، بُرْمة بُرْم ...
فُعْلة,اسم,فِعَل,‏(سماعي): صُورة صِوَر، مُدْية مِدًى ...
فُعْلة,اسم,فِعْلان,‏(سماعي): بُرْكة بِرْكان، دُودة دِيدان ...
فُعْلة,اسم,فُعُول,‏(سماعي): حُجْزة حُجُوز، قُنَّة قُنُون، شُعْبة شُعُوب، حُقَّة حُقُوق ...
فِعَلة,اسم,فِعَل,اسم جنس جمعي: عِنَبة عِنَب، حِدَأة حِدَأ ...
فِعِلة,اسم,فِعِل,اسم جنس جمعي: حِبِرة حِبِر ...
فِعْلة,اسم,أَفْعال,‏(سماعي): شِيعة أَشْياع ...
فِعْلة,صفة,أَفْعال,‏(سماعي): نِضْوة أَنْضاء ...
فِعْلة,اسم,أَفْعُل,‏(سماعي، وقيل قياسي): نِعْمة أَنْعُم، شِدَّة أَشُدّ ...
فِعْلة,صفة,فَعائِل,‏(سماعي): لِصَّة لَصائِص، هِمَّة هَمائِم ...
فِعْلة,اسم,فِعال,‏(سماعي): إبْرة إبار، لِقْحة لِقاح، حِقَّة حِقاق، لِمَّة لِمام، جِزْية جِزاء، حِلَّة حِلال ...
فِعْلة,اسم,فُعَل,‏(سماعي، وقيل قياسي): حِلْية حُلًى، لِحْية لُحًى، قِرْية قُرًى ...
فِعْلة,اسم,فِعَل,فيما لا تحذف فاؤه: قِصَّة قِصَص، حِيلة حِيَل، قِطْعة قِطَع، فِرْية فِرًى، رِشْوة رِشًا، حِلْية حِلًى، قِيمة قِيَم ...
فِعْلة,صفة,فِعَل,‏(سماعي، وقيل قياسي): صِمَّة صِمَم، ذِرْبة ذِرَب ...
فِعْلة,اسم,فِعْلان,‏(سماعي): نِسْوة نِسْوان ...
فِعْلة,صفة,فِعْلة,‏(سماعي): صِغْرة صِغْرة، كِبْرة كِبْرة، عِجْزة عِجْزة ...
فِعْلة,اسم,فُعُول,‏(سماعي): حِقْبة حُقُوب ...
فَعَلْعَل,صفة,فَعاعِل,عَرَمْرَم عَرارِم ...
فَعَلَّل,اسم,فَعالِل,سَفَرْجَل سَفارِج، زَبَرْجَد زَبارِج، فَرَزْدَق فَرازِد، خَدَرْنَق خَدارِن، كَنَهْوَر كَناهِر ...
فَعَلَّل,صفة,فَعالِل,شَمَرْدَل شَمارِد، هَمَرْجَل هَمارِج، هَبَيَّخ هَبايِخ ...
فَعْلَل,اسم,فَعالِل,عَقْرَب عَقارِب، عَنْبَر عَنابِر ...
فَعْلَل,صفة,فَعالِل,شَهْرَب شَهارِب، شَدْقَم شَداقِم، سَلْهَب سَلاهِب، بَلْقَع بَلاقِع ...
فَعْلَل,اسم,فَعالِيل,جَعْفَر جَعافِير ...
فَعْلَل,صفة,فَعالِيل,سَلْهَب سَلاهِيب ...
فُعْلُل,اسم,فَعالِل,بُلْبُل بَلابِل، سُنْبُل سَنابِل، جُنْدُب جَنادِب ...
فُعْلُل,صفة,فَعالِل,جُرْشُع جَراشِع ...
فِعْلَل,اسم,فَعالِل,دِرْهَم دَراهِم، ضِفْدَع ضَفادِع ...
فِعْلَل,صفة,فَعالِل,هِبْلَع هَبالِع، هِجْرَع هَجارِع ...
فِعْلَل,اسم,فَعالِيل,دِرْهَم دَراهِيم ...
فِعْلِل,اسم,فَعالِل,زِبْرِج زَبارِج، زِئْبِر زَآبِر ...
فِعْلِل,صفة,فَعالِل,عِرْبِد عَرابِد، هِدْلِق هَدالِق، دِعْبِل دَعابِل ...
فَعْلَلة,اسم,فَعالِل,تَرْجَمة تَراجِم، زَرْدَمة زَرادِم، حَنْجَرة حَناجِر ...
فُعْلُلة,اسم,فَعالِل,جُمْجُمة جَماجِم، قُنْزُعة قَنازِع ...
فُعْلُلة,صفة,فَعالِل,بُهْزُرة بَهازِر ...
فِعْلِلة,اسم,فَعالِل,شِرْذِمة شَراذِم ...
فِعْلِلة,اسم,فَعالِيل,شِرْذِمة شَراذِيم ...
فَعْلَلِيل,اسم,فَعالِل,عَنْدَلِيب عَنادِل، خَنْدَرِيس خَنادِر ...
فَعْلَلِيل,صفة,فَعالِل,سَلْسَبِيل سَلاسِب، دَرْدَبِيس دَرادِب ...
فُعَلْنِية,اسم,فَعالٍ,بُلَهْنِية بَلاهٍ ...
فَعْلُوة,اسم,فَعالٍ,تَرْقُوة تَراقٍ، عَرْقُوة عَراقٍ، عَنْصُوة عَناصٍ ...
فُعْلُول,اسم,فَعالِيل,عُصْفُور عَصافِير، شُحْرُور شَحارِير، صُنْدُوق صنادِيق، زُنْبُور زَنابِير، عُرْجُون عَراجِين، ظُنْبُوب ظَنابِيب ...
فُعْلُول,صفة,فَعالِيل,بُهْلُول بَهالِيل، قُرْضُوب قَراضِيب، دُعْبُوس دَعابِيس، رُعْبُوب رَعابِيب ...
فِعْلَوْل,صفة,فَعالِلة,فِرْعَوْن فَراعِنة ...
فِعْلَوْل,اسم,فَعالِيل,فِرْدَوْس فَرادِيس، بِرْذَوْن بَراذِين، فِرْعَون فَراعِين ...
فَعْلَى,اسم,فَعالٍ,فَتْوَى فَتاوٍ، دَعْوَى دَعاوٍ، عَلْقَى عَلاقٍ ...
فَعْلَى,صفة,فِعال,إذا كانت فَعْلَى مؤنث فَعْلان: عَطْشَى عِطاش، غَضْبَى غِضاب، عَجْلَى عِجال، ظَمْأَى ظِماء، رَيّا رِواء، هَيْمَى هِيام ...
فَعْلَى,اسم,فَعالَى,فَتْوَى فَتاوَى، دَعْوَى دَعاوَى، نَجْوَى نَجاوَى، عَلْقَى عَلاقَى ...
فَعْلَى,صفة,فَعالَى,غَضْبَى غَضابَى، سَكْرَى سَكارَى، كَسْلَى كَسالَى، عَطْشَى عَطاشَى، نَشْوَى نَشاوَى ...
فَعْلَى,صفة,فُعالَى,غَضْبَى غُضابَى، سَكْرَى سُكارَى، كَسْلَى كُسالَى، عَطْشَى عُطاشَى ...
فُعْلَى,صفة,فَعالٍ,فيما لا مذكر له: حُبْلَى حَبالٍ ...
فُعْلَى,صفة,فِعال,‏(سماعي، وقيل قياسي): أُنْثَى إناث ...
فُعْلَى,صفة,فَعالَى,فيما لا مذكر لـه: حُبْلَى حَبالى، أُنْثَى أَناثَى، خُنْثَى خَناثَى...
فُعْلَى,اسم,فُعَل,‏(سماعي، وقيل قياسي): رُؤْيا رُؤَى، رُجْعَى رُجَع ...
فُعْلَى,صفة,فُعَل,إذا كانت فُعْلَى مؤنث أَفْعَل: كُبْرَى كُبَر، صُغْرَى صُغَر، وُسْطَى وُسَط، فُضْلَى فُضَل ...
فِعْلَى,اسم,فَعالٍ,ذِفْرَى ذَفارٍ ...
فِعْلَى,اسم,فَعالَى,ذِفْرَى ذَفارَى ...
فِعْلَى,اسم,فِعَل,‏(سماعي، وقيل قياسي): ذِكْرَى ذِكَر ...
فَعْلِيّ,اسم,فَعالِيّ,الياء المشددة لغير النسب: بَرْدِيّ بَرادِيّ، نَفِّيّ نَفافِيّ ...
فُعْلِيّ,اسم,فَعالِيّ,الياء المشددة لغير النسب: كُرْسِيّ كَراسِيّ، قُمْرِيّ قَمارِيّ، كُرْكِيّ كَراكِيّ، نُمِّيّ نَمامِيّ، بُجْرِيّ بَجارِيّ ...
فِعْلِيّ,اسم,فَعالِيّ,الياء المشددة لغير النسب: زِرْبِيّ زَرابِيّ ... وشذ: قِبْطِيّ قَباطِيّ ...
فَعْلِيَّة,اسم,فَعالِيّ,بَرْنِيَّة بَرانِيّ ...
فُعْلِيَّة,اسم,فَعالٍ,‏(سماعي): ذُرِّيَّة ذَرارٍ، عُلِّيَّة عَلالٍ ...
فُعْلِيَّة,اسم,فَعالِيّ,قُطْنِيَّة قَطانِيّ، بُجْرِيَّة بَجارِيّ ...
فِعْلِيَة,اسم,فَعالٍ,هِبْرِيَة هَبارٍ، حِذْرِيَة حَذارٍ ...
فِعْلِيَة,اسم,فَعالِيَة,زِبْنِيَة زَبانِيَة ...
فِعْلِيَّة,اسم,فَعالِيّ,دِرْعِيَّة دَراعِيّ، زِلِّيَّة زَلالِيّ، فِلِّيَّة فَلالِيّ ...
فِعْلِيل,اسم,فَعالِيل,قِنْدِيل قَنادِيل، تِلْمِيذ تَلامِيذ، صِهْرِيج صَهارِيج، دِهْلِيز دَهالِيز ...
فِعْلِيل,صفة,فَعالِيل,زِنْدِيق زَنادِيق، غِطْرِيس غَطارِيس ...
فَعَنْلُوة,اسم,فَعالٍ,قَلَنْسُوة قَلاسٍ ...
فَعُول,اسم,أَفاعِيل,‏(سماعي): عَرُوض أَعارِيض ...
فَعُول,اسم,أَفْعال,‏(سماعي): فَلُوّ أَفْلاء ...
فَعُول,صفة,أَفْعال,‏(سماعي): عَدُوّ أَعْداء ...
فَعُول,اسم,أَفْعُل,‏(سماعي): رَسُول أَرْسُل ...
فَعُول,اسم,أَفْعِلة,المذكر: عَمُود أَعْمِدة، خَرُوف أَخْرِفة، ذَنُوب أَذْنِبة ...
فَعُول,اسم,فَعائِل,‏- المؤنث المعنوي: عَرُوس عَرائِس، ذَنُوب ذَنائِب، سَمُوم سَمائِم، جَنُوب جَنائِب ... وشذ: جَزُور جَزائِر ... - إذا كان بمعنى مفعول: رَكُوب رَكائِب، حَلُوب حلائِب...
فَعُول,صفة,فَعائِل,المؤنث المعنوي: عَجُوز عَجائِز، سَلُوب سَلائِب، جَدُود جَدائِد، حَلُوب حَلائِب ...
فَعُول,اسم,فِعال,‏(سماعي): قَلُوص قِلاص، ذَنُوب ذِناب...
فَعُول,اسم,فَعَل,‏(سماعي): عَمُود عَمَد ...
فَعُول,صفة,فُعَل,‏(سماعي): عَدُوّ عُدًا، نَقُوق نُقَق ...
فَعُول,اسم,فُعُل,غير المضعف وغير المعتل اللام: رَسُول رُسُل، عَمُود عُمُد، خَرُوف خُرُف، قَدُوم قُدُم ...
فَعُول,صفة,فُعُل,إذا كان بمعنى فاعِل: صَبُور صُبُر، عَجُول عُجُل، غَيُور غُيُر، شَرُود شُرُد، عَجُوز عُجُز ...
فَعُول,صفة,فُعَّل,‏(سماعي): هَجُود هُجَّد، سَرُوء سُرَّأ ...
فَعُول,صفة,فُعْل,‏(سماعي): نَمُوم نُمّ، سَحُوق سُحْق، خَرُوط خُرْط، نَقُوق نُقّ، فَلُوع فُلْع، لَبُون لُبْن، لَمُوس لُمْس ...
فَعُول,اسم,فِعَل,‏(سماعي): عَدُوّ عِدًا.
فَعُول,صفة,فُعَلاء,‏(سماعي): وَدُود وُدَداء، رَسُول رُسَلاء ...
فَعُول,اسم,فِعْلان,‏(سماعي، وقيل قياسي): خَرُوف خِرْفان، عَمُود عِمْدان، قَعُود قِعْدان ...
فَعُول,اسم,فُعُول,‏(سماعي): سَحُور سُحُور، فَلُوّ فُلِيّ ...
فَعُول,صفة,فُعُول,‏(سماعي): هَجُود هُجُود، بَهُوت بُهُوت ...
فَعُّول,اسم,فَعاعِيل,فَرُّوج فَرارِيج، دَبُّوس دَبابِيس ...
فَعُولة,اسم,فَعائِل,حَمُولة حَمائِل، أَكُولة أَكائِل، تَنُوفة تَنائِف ...
فَعُولة,صفة,فَعائِل,حَلُوبة حَلائِب، رَكُوبة رَكائِب ...
فَعُولة,اسم,فُعُل,‏(سماعي): عَلُوفة عُلُف ...
فَعِيل,اسم,أَفاعِل,‏(سماعي): بَعِير أَباعِر، يَمِين أَيامِن ...
فَعِيل,اسم,أَفاعِيل,‏(سماعي): حَدِيث أَحادِيث، قَطِيع أَقاطِيع، يَمِين أَيامِين، مَدِيح أَمادِيح، بَعِير أَباعِير ...
فَعِيل,اسم,أَفْعال,‏(سماعي): يَمِين أَيْمان، أَصِيل آصال، قَطِيع أَقْطاع ...
فَعِيل,صفة,أَفْعال,‏(سماعي): يَتِيم أَيْتام، شَرِيف أَشْراف، نَصِير أَنْصار، شَرِيك أَشْراك، قَصِيّ أَقْصاء، بَرِيء أَبْراء، وَزِير أَوْزار، شَهِيد أَشْهاد، بَدِيل أَبْدال، نَجِيب أَنْجاب، مَرِيع أَمْراع، كَمِيّ أَكْماء، فَنِيق أَفْناق، مَشِيج أَمْشاج ...
فَعِيل,اسم,أَفْعُل,المؤنث المعنوي: يَمِين أَيْمُن، سَبِيل أَسْبُل، طَرِيق أَطْرُق ... وشذ: صَبِيّ أَصْبٍ، جَبِين أَجْبُن، جَنِين أَجْنُن ...
فَعِيل,اسم,أَفْعِلاء,‏(سماعي): نَصِيب أَنْصِباء، فَرِيق أَفْرِقاء، خَمِيس أَخْمِساء، عَشِير أَعْشِراء، رَبِيع أَرْبِعاء، طَرِيق أَطْرِقاء ...
فَعِيل,صفة,أَفْعِلاء,المعتل اللام أو المضعف، للمذكر العاقل: نَبِيّ أَنْبِياء، عَزِيز أَعِزّاء، شَحِيح أَشِحّاء، قَوِيّ أَقْوِياء، غَنِيّ أَغْنِياء، ذَكِيّ أَذْكِياء، خَلِيل أَخِلاّء، طَبِيب أَطِبّاء، ضَرِير أَضِرّاء ... وشذ: صَدِيق أَصْدِقاء، بَرِيء أَبْرِياء، قَسِيم أَقْسِماء ...
فَعِيل,اسم,أَفْعِلة,المذكر: رَغِيف أَرْغِفة، جَنِين أَجِنَّة، سَرِير أَسِرَّة، كَثِيب أَكْثِبة، قَمِيص أَقْمِصة ...
فَعِيل,صفة,أَفْعِلة,‏(سماعي): شَحِيح أَشِحَّة، عَزِيز أَعِزَّة، ذَلِيل أَذِلَّة ...
فَعِيل,اسم,فَعائِل,المؤنث المعنوي: خَرِيق خَرائِق ... وشذ: مَدِيح مَدائِح، وَصِيد وَصائِد، ضَمِير ضَمائِر، ضَرِيك ضَرائِك، جَنِين جَنائِن، حَنِين حَنائِن، أَصِيل أَصائِل، فَرِيد فَرائِد، حَدِيد حَدائِد، ضريح ضرائح ...
فَعِيل,صفة,فَعائِل,‏(سماعي): أَلِيف أَلائِف، قَدِيم قَدائِم، جَلِيل جَلائِل، خَشِيب خَشائِب، تَبِيع تَبائِع ...
فَعِيل,اسم,فِعال,‏(سماعي): فَصِيل فِصال، قَطِيع قِطاع ...
فَعِيل,صفة,فِعال,الصحيح اللام بمعنى فاعل: كَرِيم كِرام، ظَرِيف ظِراف، قَوِيم قِوام، صَغِير صِغار، طَوِيل طِوال، سَمِين سِمان ... وشذ (لأنه بمعنى مفعول): رَبِيط (بمعنى مربوط) رِباط ...
فَعِيل,صفة,فَعالَى,‏(سماعي): كَسِير كَسارَى، ضَعِيف ضَعافَى، يَتِيم يَتامَى، مَرِيض مَراضَى، سَبِيّ سَبايا، صَفِيّ صَفايا، رَئِيس رَآسَى، بَغِير بَغارَى ...
فَعِيل,صفة,فُعالَى,‏(سماعي): قَدِيم قُدامَى، أَسِير أُسارَى ...
فَعِيل,صفة,فُعَل,‏(سماعي): هَجِين هُجَن ...
فَعِيل,اسم,فُعُل,غير المضعف وغير المعتل اللام: رَغِيف رُغُف، قَضِيب قُضُب، غَدِير غُدُر، طَرِيق طُرُق، خَلِيج خُلُج ... وشذ: سَرِير سُرُر ...
فَعِيل,صفة,فُعُل,‏(سماعي): جَدِيد جُدُد، نَذِير نُذُر، صَدِيق صُدُق، ظَرِيف ظُرُف، نَجِيب نُجُب ...
فَعِيل,اسم,فُعْل,‏(سماعي): قَلِيب قُلْب ...
فَعِيل,صفة,فُعَلاء,الصحيح اللام وغير المضعف، لمذكر عاقل، بمعنى فاعل، للدلالة على مدح أو ذم: كَرِيم كُرَماء، ظَرِيف ظُرَفاء، رَحِيم رُحَماء، حَلِيم حُلَماء، خَبِير خُبَراء ... وشذ (لأنه بمعنى مفعول): أَسِير أُسَراء، قَتِيل قُتَلاء، سَجِين سُجَناء، دَفِين دُفَناء، جَلِيب جُلَباء، شَهِيد شُهَداء ... وشذ (لأنه معتل اللام): تَقِيّ تُقَواء، سَرِيّ سُرَواء، سَخِيّ سُخَواء، حَفِيّ حُفَواء، نَقِيّ نُقَواء ... يستثنى من فعيل أربعة ألفاظ (هي: صغير، وصبيح، وطويل، وسمين) لا تُجمَع على فُعلاء وإنما على فِعال.
فَعِيل,اسم,فُعْلان,قَمِيص قُمْصان، قَضِيب قُضْبان، رَغِيف رُغْفان، خَلِيج خُلْجان، كَثِيب كُثْبان، قَفِيز قُفْزان ...
فَعِيل,صفة,فُعْلان,‏(سماعي): لَئِيم لُؤْمان، صَدِيق صُدْقان ...
فَعِيل,اسم,فِعْلان,‏(سماعي): صَبِيّ صِبْيان، حَدِيث حِدْثان، ظَلِيم ظِلْمان، بَعِير بِعْران ...
فَعِيل,صفة,فَعَلة,‏(سماعي): ضَعِيف ضَعَفة، خَبِيث خَبَثة، يَتِيم يَتَمة، سَرِيّ سَراة ...
فَعِيل,صفة,فُعَلة,‏(سماعي): كَمِيّ كُماة، رَذِيّ رُذاة ...
فَعِيل,اسم,فِعْلة,‏(سماعي): صَبِيّ صِبْية، شَلِيل شِلَّة ...
فَعِيل,صفة,فِعْلة,‏(سماعي): خَصِيّ خِصْية، عَلِيّ عِلْية، جَلِيل جِلَّة ...
فَعِيل,صفة,فَعْلَى,‏- إذا كانت بمعنى مفعول، دالة على آفة أو مكروه يصاب به الحيّ: قَتِيل قَتْلى، جَرِيح جَرْحَى، صَرِيع صَرْعَى، أَسِير أَسْرَى، سَجِين سَجْنَى، سَلِيب سَلْبَى ... وشذ: غَسِيل غَسْلَى ... - إذا كانت وصفًا للفاعل للدلالة على هلك أو توجع …: مَرِيض مَرْضَى، شَتِيت شَتَّى، كَسِير كَسْرَى ...
فُعَّيْل,اسم,فَعاعِيل,دُمَّيْص دَمامِيص ...
فِعِّيل,اسم,فَعاعِيل,سِكِّين سَكاكِين، تِنِّين تَنانِين ...
فَعِيلة,اسم,أَفْعِلة,‏(سماعي): نَضِيضَة أَنِضَّة ...
فَعِيلة,اسم,فَعائِل,صَحِيفة صَحائِف، قَبِيلة قَبائِل، ضَرِيبة ضَرائِب، عَشِيرة عَشائِر، كَتِيبة كَتائِب، حَدِيقة حَدائِق ...
فَعِيلة,صفة,فَعائِل,إذا لم تكن بمعنى مفعولة: كَبِيرة كَبائِر، ظَرِيفة ظَرائِف، لَطِيفة لَطائِف، دَمِيمة دَمائِم، شَرِيكة شَرائِك ... وشذ: ذَبِيحة ذَبائِح، ذَخِيرة ذَخائِر، وَدِيعة وَدائِع، تَريِكة تَرائِك ...
فَعِيلة,صفة,فِعال,الصحيح اللام بمعنى فاعلة: ظَرِيفة ظِراف، قَوِيمة قِوام، صَغِيرة صِغار، طَوِيلة طِوال، سَمِينة سِمان، كَرِيمة كِرام ...
فَعِيلة,اسم,فَعالَى,‏(سماعي): قَضِيَّة قَضايا، مَطِيَّة مَطايا، عَشِيَّة عَشايا، ضَحِيَّة ضَحايا، هَدِيَّة هَدايا، وَصِيَّة وَصايا، تَحِيَّة تَحايا، حَوِيَّة حَوايا ...
فَعِيلة,اسم,فُعُل,‏(سماعي): سَفِينة سُفُن، صَحِيفة صُحُف، مَدِينة مُدُن، جَزِيرة جُزُر، قَطِيفة قُطُف، ظَعِينة ظُعُن ...
فَعِيلة,اسم,فُعْل,‏(سماعي): مَدِينة مُدْن، جَزِيرة جُزْر، ظَعِينة ظُعْن ...
فَعِيلة,صفة,فُعْل,‏(سماعي): هَجِينة هُجْن، عَمِيمة عُمّ ...
فَعِيلة,اسم,فُعَلاء,‏(سماعي): خَلِيفة خُلَفاء ...
فَعِيلة,صفة,فُعَلاء,‏(سماعي): فَقِيرة فُقَراء، ظَرِيفة ظُرَفاء، سَفِيهة سُفَهاء، فَقِيهة فُقَهاء ...
فَعِيلة,اسم,فَعِيل,‏(سماعي): سَفِينة سَفِين، حَدِيدة حَدِيد، وَسِيلة وَسِيل ...
فُعِيلة,اسم,فَعالَى,‏(سماعي): وُقِيَّة وَقايا ...
فُوعال,اسم,فَواعِيل,دُولاب دَوالِيب، طُومار طَوامِير، سُولاف سَوالِيف ...
فَوْعَل,اسم,فَواعِل,جَوْهَر جَواهِر، زَوْرَق زَوارِق، كَوْكَب كَواكِب ...
فَوْعَلة,اسم,فَواعِل,زَوْبَعة زَوابِع، جَوْهَرة جَواهِر، صَوْمَعة صَوامِع، قَوْصَرة قَواصِر، حَوْصَلة حَواصِل ...
فَيْعال,اسم,فَياعِلة,بَيْطار بَياطِرة ...
فَيْعال,اسم,فَياعِيل,بَيْطار بَياطِير، صَيْراف صَيارِيف ...
فِيعال,اسم,فَعاعِيل,دِينار دَنانِير، قِيراط قَرارِيط، دِيباج دَبابِيج، دِيماس دَمامِيس ...
فِيعال,اسم,فَياعِيل,دِيباج دَيابِيج، دِيماس دَيامِيس ...
فَيْعَل,اسم,فَياعِل,بَيْدَر بَيادِر، هَيْكَل هَياكِل، فَيْلَق فَيالِق، عَيْلَم عَيالِم، ضَيْغَم ضَياغِم، صَيْقَل صَياقِل ... ولم يأت من المعتل سوى: عَيَّن عَيائِن.
فَيْعَل,صفة,فَياعِل,ضَيْغَم ضَياغِم ...
فَيْعَل,اسم,فَياعِلة,حَيْدَر حَيادِرة، ضَيْغَم ضَياغِمة، صَيْقَل صَياقِلة ...
فَيْعَل,صفة,فَياعِلة,ضَيْغَم ضَياغِمة ...
فَيْعِل,اسم,أَفْعال,‏(سماعي): حَيِّز أَحْياز ...
فَيْعِل,صفة,أَفْعال,‏(سماعي): مَيِّت أَمْوات ...
فَيْعِل,صفة,أَفْعِلاء,‏(سماعي): هَيِّن أَهْوِناء، لَيِّن أَلْيِناء ...
فَيْعِل,صفة,فَعائِل,‏(سماعي): جَيِّد جَيائِد ...
فَيْعِل,صفة,فِعال,‏(سماعي): خَيِّر خِيار، جَيِّد جِياد ...
فَيْعِل,صفة,فَعالَى,‏(سماعي): أَيِّم أَيامَى ...
فَيْعِل,صفة,فُعَلاء,‏(سماعي): شَيِّر شُوَراء، بَيِّن بُيَناء ...
فَيْعِل,صفة,فَعَلة,‏(سماعي): سَيِّد سادة ...
فَيْعِل,صفة,فَعْلَى,إذا دل على آفة أو مكروه: مَيِّت مَوْتَى ... وشذ: كَيِّس كَيْسَى ...
فَيْعَلان,اسم,فَياعِلة,طَيْلَسان طَيالِسة ...
فَيْعَلة,اسم,فَياعِل,هَيْزَعة هَيازِع ...
فَيْعِلة,صفة,أَفْعال,‏(سماعي): مَيِّتة أَمْوات ...
فَيْعِلة,صفة,فِعال,‏(سماعي): خَيِّرة خِيار ...
فَيْعِلة,صفة,فَعْلَى,إذا دلّ على آفة أو مكروه: مَيِّتة مَوْتَى ...
فَيْعَلِيّ,اسم,فَياعِلة,صَيْرَفِيّ صَيارِفة ...
فَيْعُول,اسم,فَياعِيل,خَيْشُوم خَياشِيم، قَيْصُوم قَياصِيم، عَيْثُوم عَياثِيم ...
مِفْعال,اسم,مَفاعِيل,مِصْباح مَصابِيح، مِفْتاح مَفاتِيح، مِنْشار مَناشِير، مِيزان مَوازِين، مِيراث مَوارِيث، مِذْياع مَذايِيع ...
مِفْعال,صفة,مَفاعِيل,مِهْذار مَهاذِير، مِطْعان مَطاعِين ...
مَفْعَل,اسم,مَفاعِل,مَلْعَب مَلاعِب، مَعْهَد مَعاهِد، مَصْنَع مَصانِع ...
مَفْعَل,صفة,مَفاعِل,مَوْلَى مَوالٍ، مَقْنَع مَقانِع ...
مَفْعِل,اسم,مَفاعِل,مَسْجِد مَساجِد، مَجْلِس مَجالِس، مَهْبِط مَهابِط، مَعْرِض مَعارِض، مَنْكِب مَناكِب ...
مَفْعِل,صفة,مَفاعِل,مَنْكِب مَناكِب ...
مُفْعَل,اسم,مَفاعِل,مُصْحَف مَصاحِف، مُخْدَع مَخادِع، مُوسَى مَواسٍ ...
مُفْعَل,صفة,مَفاعِل,غير العاقل: مُصْعَب مَصاعِب ...
مُفْعَل,صفة,مَفاعِيل,‏(سماعي): مُنْكَر مَناكِير ...
مُفْعُل,اسم,مَفاعِل,مُنْخُل مَناخِل، مُدْهُن مَداهِن، مُسْعُط مَساعِط ...
مُفْعِل,صفة,مَفاعِل,المؤنث: مُرْضِع مَراضِع، مُطْفِل مَطافِل ...
مُفْعِل,صفة,مَفاعِيل,‏(سماعي): مُوسِر مَياسِير ...
مِفْعَل,اسم,مَفاعِل,مِنْبَر مَنابِر، مِرْفَق مَرافِق، مِبْرَد مَبارِد، مِغْزَل مَغازِل، مِخْلَب مَخالِب ...
مِفْعَل,صفة,مَفاعِل,مِدْعَس مَداعِس، مِطْعَن مَطاعِن ...
مِفْعِل,اسم,مَفاعِل,مِنْخِر مَناخِر ...
مَفْعَلة,اسم,مَفاعِل,مَرْحَلة مَراحِل، مَصْلَحة مَصالِح، مَبْخَرة مَباخِر، مَنارة مَنائِر ...
مَفْعُلة,اسم,مَفاعِل,مَكْرُمة مَكارِم، مَزْرُعة مَزارِع، مَقْبُرة مَقابِر ...
مَفْعِلة,اسم,مَفاعِل,مَعْرِفة مَعارِف، مَكِيدة مَكايِد، مَعْذِرة مَعاذِر، مَضْرِبة مَضارِب ...
مُفْعُلة,اسم,مَفاعِل,مُكْحُلة مَكاحِل، مُحْرُضة مَحارِض ...
مِفْعَلة,اسم,مَفاعِل,مِمْسَحة مَماسِح، مِشْرَبة مَشارِب، مِصْفاة مَصافٍ، مِطْرَقة مَطارِق، مِلْعَقة مَلاعِق ...
مَفْعُول,اسم,مَفاعِيل,مَنْشُور مَناشِير، مَوْشُور مَواشِير، مَسْحُوق مَساحِيق، مَصْرُوف مَصارِيف، مَوْضُوع مَواضِيع، مَشْرُوع مَشارِيع، مَحْصُول مَحاصِيل ...
مَفْعُول,صفة,مَفاعِيل,مَلْعُون مَلاعِين، مَيْسُور مَياسِير، مَيْمُون مَيامِين، مَجْنُون مَجانِين، مَشْهُور مَشاهِير، مَحْمُود مَحامِيد ...
مَفْعُولة,اسم,مَفاعِيل,مَرْجُوحة مَراجِيح، مَطْمُورة مَطامِير ...
مَفْعُولة,صفة,مَفاعِيل,مَيْمُونة مَيامِين، مَيْسُورة مَياسِير، مَلْعُونة مَلاعِين، مَجْنُونة مَجانِين ...
مِفْعِيل,اسم,مَفاعِيل,مِنْدِيل مَنادِيل ...
مِفْعِيل,صفة,مَفاعِيل,مِسْكِين مَساكِين، مِعْطِير مَعاطِير، مِئْشِير مَآشِير ...
يَفْعَل,اسم,يَفاعِل,يَرْمَع يَرامِع، يَحْمَد يَحامِد، يَلْمَع يَلامِع، يَعْمَل يَعامِل...
يَفْعُول,اسم,يَفاعِيل,يَنْبُوع يَنابِيع، يَرْبُوع يَرابِيع، يَعْسُوب يَعاسِيب ...
يَفْعُول,صفة,يَفاعِيل,يَحْمُوم يَحامِيم، يَخْضُور يَخاضِير، يَحْمُور يَحامِير ...
يَفْعِيل,اسم,يَفاعِيل,يَقْطِين يَقاطِين ...
